{"cameraMode":{"drawMode":0,"name":"Shaded","section":"Shading Mode"},"sceneLighting":true,"audioPlay":false,"sceneViewState":{"showFog":true,"showMaterialUpdate":false,"showSkybox":true,"showFlares":true,"showImageEffects":true,"showParticleSystems":true},"in2DMode":false,"pivot":{"x":-0.7567339539527893,"y":-1.6819336414337159,"z":4.163095474243164},"rotation":{"x":-0.13553820550441743,"y":-0.16944679617881776,"z":0.023496678099036218,"w":-0.9758920073509216},"size":8.907668113708496,"orthographic":true}